rank,name,king,pic,dir,intro
1,肖申克的救赎,9.6,https://img3.doubanio.com/view/photo/s_ratio_poster/public/p480747492.jpg,"
                            导演: 弗兰克·德拉邦特 Frank Darabont   主演: 蒂姆·罗宾斯 Tim Robbins /...",希望让人自由。
2,霸王别姬,9.5,https://img3.doubanio.com/view/photo/s_ratio_poster/public/p1910813120.jpg,"
                            导演: 陈凯歌 Kaige Chen   主演: 张国荣 Leslie Cheung / 张丰毅 Fengyi Zha...",风华绝代。
3,这个杀手不太冷,9.4,https://img3.doubanio.com/view/photo/s_ratio_poster/public/p511118051.jpg,"
                            导演: 吕克·贝松 Luc Besson   主演: 让·雷诺 Jean Reno / 娜塔莉·波特曼 ...",怪蜀黍和小萝莉不得不说的故事。
4,阿甘正传,9.4,https://img1.doubanio.com/view/photo/s_ratio_poster/public/p510876377.jpg,"
                            导演: Robert Zemeckis   主演: Tom Hanks / Robin Wright Penn / Gary Sinise",一部美国近现代史。
5,美丽人生,9.5,https://img3.doubanio.com/view/photo/s_ratio_poster/public/p510861873.jpg,"
                            导演: 罗伯托·贝尼尼 Roberto Benigni   主演: 罗伯托·贝尼尼 Roberto Beni...",最美的谎言。
6,千与千寻,9.3,https://img3.doubanio.com/view/photo/s_ratio_poster/public/p1606727862.jpg,"
                            导演: 宫崎骏 Hayao Miyazaki   主演: 柊瑠美 Rumi Hîragi / 入野自由 Miy...",最好的宫崎骏，最好的久石让。
7,泰坦尼克号,9.3,https://img3.doubanio.com/view/photo/s_ratio_poster/public/p457760035.jpg,"
                            导演: 詹姆斯·卡梅隆 James Cameron   主演: 莱昂纳多·迪卡普里奥 Leonardo...",失去的才是永恒的。
8,辛德勒的名单,9.4,https://img3.doubanio.com/view/photo/s_ratio_poster/public/p492406163.jpg,"
                            导演: 史蒂文·斯皮尔伯格 Steven Spielberg   主演: 连姆·尼森 Liam Neeson...",拯救一个人，就是拯救整个世界。
9,盗梦空间,9.3,https://img3.doubanio.com/view/photo/s_ratio_poster/public/p513344864.jpg,"
                            导演: 克里斯托弗·诺兰 Christopher Nolan   主演: 莱昂纳多·迪卡普里奥 Le...",诺兰给了我们一场无法盗取的梦。
10,机器人总动员,9.3,https://img3.doubanio.com/view/photo/s_ratio_poster/public/p1461851991.jpg,"
                            导演: 安德鲁·斯坦顿 Andrew Stanton   主演: 本·贝尔特 Ben Burtt / 艾丽...",小瓦力，大人生。
11,三傻大闹宝莱坞,9.2,https://img3.doubanio.com/view/photo/s_ratio_poster/public/p579729551.jpg,"
                            导演: 拉库马·希拉尼 Rajkumar Hirani   主演: 阿米尔·汗 Aamir Khan / 卡...",英俊版憨豆，高情商版谢耳朵。
12,海上钢琴师,9.2,https://img1.doubanio.com/view/photo/s_ratio_poster/public/p511146807.jpg,"
                            导演: 朱塞佩·托纳多雷 Giuseppe Tornatore   主演: 蒂姆·罗斯 Tim Roth / ...",每个人都要走一条自己坚定了的路，就算是粉身碎骨。
13,忠犬八公的故事,9.2,https://img3.doubanio.com/view/photo/s_ratio_poster/public/p524964016.jpg,"
                            导演: 莱塞·霍尔斯道姆 Lasse Hallström   主演: 理查·基尔 Richard Ger...",永远都不能忘记你所爱的人。
14,放牛班的春天,9.2,https://img3.doubanio.com/view/photo/s_ratio_poster/public/p1910824951.jpg,"
                            导演: 克里斯托夫·巴拉蒂 Christophe Barratier   主演: 杰拉尔·朱诺 Géra...",天籁一般的童声，是最接近上帝的存在。
15,大话西游之大圣娶亲,9.2,https://img3.doubanio.com/view/photo/s_ratio_poster/public/p2455050536.jpg,"
                            导演: 刘镇伟 Jeffrey Lau   主演: 周星驰 Stephen Chow / 吴孟达 Man Tat Ng...",一生所爱。
16,楚门的世界,9.1,https://img3.doubanio.com/view/photo/s_ratio_poster/public/p479682972.jpg,"
                            导演: 彼得·威尔 Peter Weir   主演: 金·凯瑞 Jim Carrey / 劳拉·琳妮 Lau...",如果再也不能见到你，祝你早安，午安，晚安。
17,龙猫,9.1,https://img1.doubanio.com/view/photo/s_ratio_poster/public/p537668599.jpg,"
                            导演: 宫崎骏 Hayao Miyazaki   主演: 日高法子 Noriko Hidaka / 坂本千夏 Ch...",人人心中都有个龙猫，童年就永远不会消失。
18,教父,9.2,https://img3.doubanio.com/view/photo/s_ratio_poster/public/p2190556185.jpg,"
                            导演: 弗朗西斯·福特·科波拉 Francis Ford Coppola   主演: 马龙·白兰度 M...",千万不要记恨你的对手，这样会让你失去理智。
19,星际穿越,9.2,https://img3.doubanio.com/view/photo/s_ratio_poster/public/p2206088801.jpg,"
                            导演: 克里斯托弗·诺兰 Christopher Nolan   主演: 马修·麦康纳 Matthew Mc...",爱是一种力量，让我们超越时空感知它的存在。
20,熔炉,9.2,https://img3.doubanio.com/view/photo/s_ratio_poster/public/p1363250216.jpg,"
                            导演: 黄东赫 Dong-hyuk Hwang   主演: 孔侑 Yoo Gong / 郑有美 Yu-mi Jeong ...",我们一路奋战不是为了改变世界，而是为了不让世界改变我们。
21,触不可及,9.2,https://img3.doubanio.com/view/photo/s_ratio_poster/public/p1454261925.jpg,"
                            导演: 奥利维·那卡什 Olivier Nakache / 艾力克·托兰达 Eric Toledano   主...",满满温情的高雅喜剧。
22,乱世佳人,9.2,https://img3.doubanio.com/view/photo/s_ratio_poster/public/p1963126880.jpg,"
                            导演: 维克多·弗莱明 Victor Fleming / 乔治·库克 George Cukor   主演: 费...","Tomorrow is another day."
23,无间道,9.1,https://img3.doubanio.com/view/photo/s_ratio_poster/public/p2233971046.jpg,"
                            导演: 刘伟强 / 麦兆辉   主演: 刘德华 / 梁朝伟 / 黄秋生",香港电影史上永不过时的杰作。
24,当幸福来敲门,8.9,https://img3.doubanio.com/view/photo/s_ratio_poster/public/p1312700744.jpg,"
                            导演: 加布里尔·穆奇诺 Gabriele Muccino   主演: 威尔·史密斯 Will Smith ...",平民励志片。
25,怦然心动,8.9,https://img3.doubanio.com/view/photo/s_ratio_poster/public/p663036666.jpg,"
                            导演: 罗伯·莱纳 Rob Reiner   主演: 玛德琳·卡罗尔 Madeline Carroll / 卡...",真正的幸福是来自内心深处。
26,天堂电影院,9.1,https://img3.doubanio.com/view/photo/s_ratio_poster/public/p1910901025.jpg,"
                            导演: 朱塞佩·托纳多雷 Giuseppe Tornatore   主演: 安东娜拉·塔莉 Antonel...",那些吻戏，那些青春，都在影院的黑暗里被泪水冲刷得无比清晰。
27,十二怒汉,9.4,https://img3.doubanio.com/view/photo/s_ratio_poster/public/p2173577632.jpg,"
                            导演: Sidney Lumet   主演: 亨利·方达 Henry Fonda / 马丁·鲍尔萨姆 Marti...",1957年的理想主义。
28,少年派的奇幻漂流,9.0,https://img3.doubanio.com/view/photo/s_ratio_poster/public/p1784592701.jpg,"
                            导演: 李安 Ang Lee   主演: 苏拉·沙玛 Suraj Sharma / 伊尔凡·可汗 Irrfan...",瑰丽壮观、无人能及的冒险之旅。
29,蝙蝠侠：黑暗骑士,9.1,https://img3.doubanio.com/view/photo/s_ratio_poster/public/p462657443.jpg,"
                            导演: 克里斯托弗·诺兰 Christopher Nolan   主演: 克里斯蒂安·贝尔 Christ...",无尽的黑暗。
30,鬼子来了,9.2,https://img3.doubanio.com/view/photo/s_ratio_poster/public/p1181775734.jpg,"
                            导演: 姜文 Wen Jiang   主演: 姜文 Wen Jiang / 香川照之 Teruyuki Kagawa /...",对敌人的仁慈，就是对自己残忍。
31,搏击俱乐部,9.0,https://img1.doubanio.com/view/photo/s_ratio_poster/public/p1910926158.jpg,"
                            导演: 大卫·芬奇 David Fincher   主演: 爱德华·诺顿 Edward Norton / 布拉...",邪恶与平庸蛰伏于同一个母体，在特定的时间互相对峙。
32,活着,9.1,https://img3.doubanio.com/view/photo/s_ratio_poster/public/p2513253791.jpg,"
                            导演: 张艺谋 Yimou Zhang   主演: 葛优 You Ge / 巩俐 Li Gong / 姜武 Wu Jiang",张艺谋最好的电影。
33,指环王3：王者无敌,9.1,https://img3.doubanio.com/view/photo/s_ratio_poster/public/p1910825503.jpg,"
                            导演: 彼得·杰克逊 Peter Jackson   主演: 维果·莫腾森 Viggo Mortensen / ...",史诗的终章。
34,疯狂动物城,9.1,https://img1.doubanio.com/view/photo/s_ratio_poster/public/p2315672647.jpg,"
                            导演: 拜伦·霍华德 Byron Howard / 瑞奇·摩尔 Rich Moore   主演: 金妮弗·...",迪士尼给我们营造的乌托邦就是这样，永远善良勇敢，永远出乎意料。
35,天空之城,9.0,https://img1.doubanio.com/view/photo/s_ratio_poster/public/p1446261379.jpg,"
                            导演: 宫崎骏 Hayao Miyazaki   主演: 田中真弓 Mayumi Tanaka / 横泽启子 Ke...",对天空的追逐，永不停止。
36,大话西游之月光宝盒,8.9,https://img3.doubanio.com/view/photo/s_ratio_poster/public/p1280323646.jpg,"
                            导演: 刘镇伟 Jeffrey Lau   主演: 周星驰 Stephen Chow / 吴孟达 Man Tat Ng...",旷古烁今。
37,罗马假日,8.9,https://img3.doubanio.com/view/photo/s_ratio_poster/public/p2189265085.jpg,"
                            导演: 威廉·惠勒 William Wyler   主演: 奥黛丽·赫本 Audrey Hepburn / 格...",爱情哪怕只有一天。
38,飞屋环游记,8.9,https://img3.doubanio.com/view/photo/s_ratio_poster/public/p2364094053.jpg,"
                            导演: 彼特·道格特 Pete Docter / 鲍勃·彼德森 Bob Peterson   主演: 爱德...",最后那些最无聊的事情，才是最值得怀念的。
39,控方证人,9.6,https://img1.doubanio.com/view/photo/s_ratio_poster/public/p1505392928.jpg,"
                            导演: 比利·怀尔德 Billy Wilder   主演: 查尔斯·劳顿 Charles Laughton / ...",比利·怀德满分作品。
40,窃听风暴,9.1,https://img1.doubanio.com/view/photo/s_ratio_poster/public/p1808872109.jpg,"
                            导演: 弗洛里安·亨克尔·冯·多纳斯马 Florian Henckel von Donnersmarck   ...",别样人生。
41,两杆大烟枪,9.1,https://img1.doubanio.com/view/photo/s_ratio_poster/public/p792443418.jpg,"
                            导演: Guy Ritchie   主演: Jason Flemyng / Dexter Fletcher / Nick Moran",4个臭皮匠顶个诸葛亮，盖·里奇果然不是盖的。
42,飞越疯人院,9.0,https://img1.doubanio.com/view/photo/s_ratio_poster/public/p792238287.jpg,"
                            导演: 米洛斯·福尔曼 Miloš Forman   主演: 杰克·尼科尔森 Jack Nichols...",自由万岁。
43,闻香识女人,8.9,https://img1.doubanio.com/view/photo/s_ratio_poster/public/p925123037.jpg,"
                            导演: 马丁·布莱斯 Martin Brest   主演: 阿尔·帕西诺 Al Pacino / 克里斯...",史上最美的探戈。
44,哈尔的移动城堡,8.9,https://img3.doubanio.com/view/photo/s_ratio_poster/public/p2174346180.jpg,"
                            导演: 宫崎骏 Hayao Miyazaki   主演: 倍赏千惠子 Chieko Baishô / 木村拓...",带着心爱的人在天空飞翔。
45,辩护人,9.1,https://img3.doubanio.com/view/photo/s_ratio_poster/public/p2158166535.jpg,"
                            导演: 杨宇硕 Woo-seok Yang   主演: 宋康昊 Kang-ho Song / 吴达洙 Dal-su O...",电影的现实意义大过电影本身。
46,海豚湾,9.3,https://img3.doubanio.com/view/photo/s_ratio_poster/public/p455222172.jpg,"
                            导演: Louie Psihoyos   主演: John Chisholm / Mandy-Rae Cruikshank / Char...",海豚的微笑，是世界上最高明的伪装。
47,V字仇杀队,8.8,https://img3.doubanio.com/view/photo/s_ratio_poster/public/p1465235231.jpg,"
                            导演: 詹姆斯·麦克特格 James McTeigue   主演: 娜塔莉·波特曼 Natalie Por...",一张面具背后的理想与革命。
48,死亡诗社,9.0,https://img3.doubanio.com/view/photo/s_ratio_poster/public/p1910824340.jpg,"
                            导演: 彼得·威尔 Peter Weir   主演: 罗宾·威廉姆斯 Robin Williams / 罗伯...",当一个死水般的体制内出现一个活跃的变数时，所有的腐臭都站在了光明的对面。
49,教父2,9.1,https://img1.doubanio.com/view/photo/s_ratio_poster/public/p2194138787.jpg,"
                            导演: 弗朗西斯·福特·科波拉 Francis Ford Coppola   主演: 阿尔·帕西诺 A...",优雅的孤独。
50,美丽心灵,8.9,https://img3.doubanio.com/view/photo/s_ratio_poster/public/p1665997400.jpg,"
                            导演: 朗·霍华德 Ron Howard   主演: 罗素·克劳 Russell Crowe / 艾德·哈...",爱是一切逻辑和原由。
51,指环王2：双塔奇兵,9.0,https://img3.doubanio.com/view/photo/s_ratio_poster/public/p909265336.jpg,"
                            导演: 彼得·杰克逊 Peter Jackson   主演: 伊利亚·伍德 Elijah Wood / 西恩...",承前启后的史诗篇章。
52,指环王1：魔戒再现,8.9,https://img3.doubanio.com/view/photo/s_ratio_poster/public/p1354436051.jpg,"
                            导演: 彼得·杰克逊 Peter Jackson   主演: 伊利亚·伍德 Elijah Wood / 西恩...",传说的开始。
53,饮食男女,9.1,https://img3.doubanio.com/view/photo/s_ratio_poster/public/p1910899751.jpg,"
                            导演: 李安 Ang Lee   主演: 郎雄 Sihung Lung / 杨贵媚 Kuei-Mei Yang / 吴...",人生不能像做菜，把所有的料都准备好了才下锅。
54,情书,8.8,https://img1.doubanio.com/view/photo/s_ratio_poster/public/p449897379.jpg,"
                            导演: 岩井俊二 Shunji Iwai   主演: 中山美穗 Miho Nakayama / 丰川悦司 Ets...",暗恋的极致。
55,摔跤吧！爸爸,9.1,https://img3.doubanio.com/view/photo/s_ratio_poster/public/p2457983084.jpg,"
                            导演: 涅提·蒂瓦里 Nitesh Tiwari   主演: 阿米尔·汗 Aamir Khan / 法缇玛...",你不是在为你一个人战斗，你要让千千万万的女性看到女生并不是只能相夫教子。
56,美国往事,9.1,https://img1.doubanio.com/view/photo/s_ratio_poster/public/p477229647.jpg,"
                            导演: 赛尔乔·莱翁内 Sergio Leone   主演: 罗伯特·德尼罗 Robert De Niro ...",往事如烟，无处祭奠。
57,狮子王,8.9,https://img1.doubanio.com/view/photo/s_ratio_poster/public/p726659067.jpg,"
                            导演: Roger Allers / 罗伯·明可夫 Rob Minkoff   主演: 乔纳森·泰勒·托马...",动物版《哈姆雷特》。
58,钢琴家,9.0,https://img3.doubanio.com/view/photo/s_ratio_poster/public/p792484461.jpg,"
                            导演: 罗曼·波兰斯基 Roman Polanski   主演: 艾德里安·布洛迪 Adrien Brod...",音乐能化解仇恨。
59,素媛,9.1,https://img3.doubanio.com/view/photo/s_ratio_poster/public/p2118532944.jpg,"
                            导演: 李濬益 Jun-ik Lee   主演: 薛景求 Kyung-gu Sol / 严志媛 Ji-won Uhm ...",受过伤害的人总是笑得最开心，因为他们不愿意让身边的人承受一样的痛苦。
60,天使爱美丽,8.7,https://img3.doubanio.com/view/photo/s_ratio_poster/public/p803896904.jpg,"
                            导演: 让-皮埃尔·热内 Jean-Pierre Jeunet   主演: 奥黛丽·塔图 Audrey Tau...",法式小清新。
61,七宗罪,8.7,https://img3.doubanio.com/view/photo/s_ratio_poster/public/p457631605.jpg,"
                            导演: 大卫·芬奇 David Fincher   主演: 摩根·弗里曼 Morgan Freeman / 布...",警察抓小偷，老鼠玩死猫。
62,小鞋子,9.2,https://img3.doubanio.com/view/photo/s_ratio_poster/public/p2173580603.jpg,"
                            导演: 马基德·马基迪 Majid Majidi   主演: Amir Farrokh Hashemian / 默罕...",奔跑的孩子是天使。
63,被嫌弃的松子的一生,8.9,https://img1.doubanio.com/view/photo/s_ratio_poster/public/p453723669.jpg,"
                            导演: 中岛哲也 Tetsuya Nakashima   主演: 中谷美纪 Miki Nakatani / 瑛太 E...",以戏谑来戏谑戏谑。
64,致命魔术,8.8,https://img3.doubanio.com/view/photo/s_ratio_poster/public/p480383375.jpg,"
                            导演: 克里斯托弗·诺兰 Christopher Nolan   主演: 休·杰克曼 Hugh Jackman...",孪生蝙蝠侠大战克隆金刚狼。
65,音乐之声,8.9,https://img1.doubanio.com/view/photo/s_ratio_poster/public/p453788577.jpg,"
                            导演: Robert Wise   主演: 朱丽·安德鲁斯 Julie Andrews / 克里斯托弗·普...",用音乐化解仇恨，让歌声串起美好。
66,本杰明·巴顿奇事,8.8,https://img3.doubanio.com/view/photo/s_ratio_poster/public/p2192535722.jpg,"
                            导演: 大卫·芬奇 David Fincher   主演: 凯特·布兰切特 Cate Blanchett / ...",在时间之河里感受溺水之苦。
67,勇敢的心,8.8,https://img3.doubanio.com/view/photo/s_ratio_poster/public/p1374546770.jpg,"
                            导演: 梅尔·吉布森 Mel Gibson   主演: 梅尔·吉布森 Mel Gibson / 苏菲·玛...",史诗大片的典范。
68,西西里的美丽传说,8.8,https://img3.doubanio.com/view/photo/s_ratio_poster/public/p792400696.jpg,"
                            导演: 朱塞佩·托纳多雷 Giuseppe Tornatore   主演: 莫妮卡·贝鲁奇 Monica ...",美丽无罪。
69,剪刀手爱德华,8.7,https://img1.doubanio.com/view/photo/s_ratio_poster/public/p480956937.jpg,"
                            导演: Tim Burton   主演: 约翰尼·德普 Johnny Depp / 薇诺娜·瑞德 Winona ...",浪漫忧郁的成人童话。
70,低俗小说,8.8,https://img3.doubanio.com/view/photo/s_ratio_poster/public/p1910902213.jpg,"
                            导演: 昆汀·塔伦蒂诺 Quentin Tarantino   主演: 约翰·特拉沃尔塔 John Tra...",故事的高级讲法。
71,黑客帝国,8.8,https://img1.doubanio.com/view/photo/s_ratio_poster/public/p451926968.jpg,"
                            导演: 安迪·沃卓斯基 Andy Wachowski / 拉娜·沃卓斯基 Lana Wachowski   主...",视觉革命。
72,拯救大兵瑞恩,8.9,https://img3.doubanio.com/view/photo/s_ratio_poster/public/p1014542496.jpg,"
                            导演: 史蒂文·斯皮尔伯格 Steven Spielberg   主演: 汤姆·汉克斯 Tom Hanks...",美利坚精神输出大片No1.
73,看不见的客人,8.7,https://img3.doubanio.com/view/photo/s_ratio_poster/public/p2498971355.jpg,"
                            导演: 奥里奥尔·保罗 Oriol Paulo   主演: 马里奥·卡萨斯 Mario Casas / 阿...",你以为你以为的就是你以为的。
74,沉默的羔羊,8.7,https://img1.doubanio.com/view/photo/s_ratio_poster/public/p1593414327.jpg,"
                            导演: 乔纳森·戴米 Jonathan Demme   主演: 朱迪·福斯特 Jodie Foster / 安...",安东尼·霍普金斯的顶级表演。
75,让子弹飞,8.7,https://img1.doubanio.com/view/photo/s_ratio_poster/public/p1512562287.jpg,"
                            导演: 姜文 Wen Jiang   主演: 姜文 Wen Jiang / 葛优 You Ge / 周润发 Yun-F...",你给我翻译翻译，神马叫做TMD的惊喜。
76,蝴蝶效应,8.7,https://img1.doubanio.com/view/photo/s_ratio_poster/public/p2209066019.jpg,"
                            导演: 埃里克·布雷斯 Eric Bress / J·麦基·格鲁伯 J. Mackye Gruber   主...",人的命运被自己瞬间的抉择改变。
77,入殓师,8.8,https://img1.doubanio.com/view/photo/s_ratio_poster/public/p594972928.jpg,"
                            导演: 泷田洋二郎 Yôjirô Takita   主演: 本木雅弘 Masahiro Motoki / ...",死可能是一道门，逝去并不是终结，而是超越，走向下一程。
78,春光乍泄,8.8,https://img3.doubanio.com/view/photo/s_ratio_poster/public/p465939041.jpg,"
                            导演: 王家卫 Kar Wai Wong   主演: 张国荣 Leslie Cheung / 梁朝伟 Tony Leu...",爱情纠缠，男女一致。
79,大闹天宫,9.3,https://img1.doubanio.com/view/photo/s_ratio_poster/public/p2184505167.jpg,"
                            导演: 万籁鸣 Laiming Wan / 唐澄 Cheng  Tang   主演: 邱岳峰 Yuefeng Qiu /...",经典之作，历久弥新。
80,玛丽和马克思,8.9,https://img1.doubanio.com/view/photo/s_ratio_poster/public/p1820615077.jpg,"
                            导演: 亚当·艾略特 Adam Elliot   主演: 托妮·科莱特 Toni Collette / 菲利...","你是我最好的朋友，你是我唯一的朋友 。"
81,末代皇帝,9.0,https://img3.doubanio.com/view/photo/s_ratio_poster/public/p452088641.jpg,"
                            导演: 贝纳尔多·贝托鲁奇 Bernardo Bertolucci   主演: 尊龙 John Lone / 陈...",“不要跟我比惨，我比你更惨”再适合这部电影不过了。
82,心灵捕手,8.8,https://img3.doubanio.com/view/photo/s_ratio_poster/public/p480965695.jpg,"
                            导演: 格斯·范·桑特 Gus Van Sant   主演: 马特·达蒙 Matt Damon / 罗宾·...",人生中应该拥有这样的一段豁然开朗。
83,阳光灿烂的日子,8.8,https://img1.doubanio.com/view/photo/s_ratio_poster/public/p967457079.jpg,"
                            导演: 姜文 Wen Jiang   主演: 夏雨 Yu Xia / 宁静 Jing Ning / 陶虹 Hong Tao",一场华丽的意淫。
84,幽灵公主,8.8,https://img3.doubanio.com/view/photo/s_ratio_poster/public/p1613191025.jpg,"
                            导演: 宫崎骏 Hayao Miyazaki   主演: 松田洋治 Yôji Matsuda / 石田百合...",人与自然的战争史诗。
85,第六感,8.8,https://img3.doubanio.com/view/photo/s_ratio_poster/public/p2220184425.jpg,"
                            导演: M·奈特·沙马兰 M. Night Shyamalan   主演: 布鲁斯·威利斯 Bruce Wi...",深入内心的恐怖，出人意料的结局。
86,重庆森林,8.7,https://img3.doubanio.com/view/photo/s_ratio_poster/public/p792381411.jpg,"
                            导演: 王家卫 Kar Wai Wong   主演: 林青霞 Brigitte Lin / 金城武 Takeshi K...",寂寞没有期限。
87,布达佩斯大饭店,8.8,https://img3.doubanio.com/view/photo/s_ratio_poster/public/p2178872593.jpg,"
                            导演: 韦斯·安德森 Wes Anderson   主演: 拉尔夫·费因斯 Ralph Fiennes / ...",小清新的故事里注入了大历史的情怀。
88,禁闭岛,8.7,https://img1.doubanio.com/view/photo/s_ratio_poster/public/p1832875827.jpg,"
                            导演: Martin Scorsese   主演: 莱昂纳多·迪卡普里奥 Leonardo DiCaprio / ...",昔日翩翩少年，今日大腹便便。
89,哈利·波特与魔法石,8.7,https://img3.doubanio.com/view/photo/s_ratio_poster/public/p804947166.jpg,"
                            导演: Chris Columbus   主演: Daniel Radcliffe / Emma Watson / Rupert Grint",童话世界的开端。
90,狩猎,9.0,https://img1.doubanio.com/view/photo/s_ratio_poster/public/p1546987967.jpg,"
                            导演: 托马斯·温特伯格 Thomas Vinterberg   主演: 麦斯·米科尔森 Mads Mik...",人言可畏。
91,大鱼,8.7,https://img3.doubanio.com/view/photo/s_ratio_poster/public/p692813374.jpg,"
                            导演: 蒂姆·波顿 Tim Burton   主演: 伊万·麦克格雷格 Ewan McGregor / 阿...",抱着梦想而活着的人是幸福的，怀抱梦想而死去的人是不朽的。
92,猫鼠游戏,8.8,https://img3.doubanio.com/view/photo/s_ratio_poster/public/p453924541.jpg,"
                            导演: 史蒂文·斯皮尔伯格 Steven Spielberg   主演: 莱昂纳多·迪卡普里奥 L...",骗子大师和执著警探的你追我跑故事。
93,致命ID,8.7,https://img3.doubanio.com/view/photo/s_ratio_poster/public/p453720880.jpg,"
                            导演: James Mangold   主演: John Cusack / Ray Liotta / Amanda Peet",最不可能的那个人永远是最可能的。
94,断背山,8.7,https://img1.doubanio.com/view/photo/s_ratio_poster/public/p513535588.jpg,"
                            导演: 李安 Ang Lee   主演: 希斯·莱杰 Heath Ledger / 杰克·吉伦哈尔 Jake...",每个人心中都有一座断背山。
95,射雕英雄传之东成西就,8.7,https://img3.doubanio.com/view/photo/s_ratio_poster/public/p1993903133.jpg,"
                            导演: 刘镇伟 Jeffrey Lau   主演: 梁朝伟 Tony Leung Chiu Wai / 林青霞 Bri...",百看不厌。
96,甜蜜蜜,8.8,https://img3.doubanio.com/view/photo/s_ratio_poster/public/p1962839732.jpg,"
                            导演: 陈可辛 Peter Chan   主演: 黎明 Leon Lai / 张曼玉 Maggie Cheung / ...",相逢只要一瞬间，等待却像是一辈子。
97,一一,8.9,https://img1.doubanio.com/view/photo/s_ratio_poster/public/p2119675128.jpg,"
                            导演: 杨德昌 Edward Yang   主演: 吴念真 / 李凯莉 Kelly Lee / 金燕玲 Elai...",我们都曾经是一一。
98,告白,8.7,https://img3.doubanio.com/view/photo/s_ratio_poster/public/p689520756.jpg,"
                            导演: 中岛哲也 Tetsuya Nakashima   主演: 松隆子 Takako Matsu / 冈田将生 ...",没有一人完全善，也没有一人完全恶。
99,阳光姐妹淘,8.8,https://img1.doubanio.com/view/photo/s_ratio_poster/public/p1374786017.jpg,"
                            导演: 姜炯哲 Hyeong-Cheol Kang   主演: 沈恩京 Eun-kyung Shim / 闵孝琳 Hy...",再多各自牛逼的时光，也比不上一起傻逼的岁月。
100,加勒比海盗,8.6,https://img3.doubanio.com/view/photo/s_ratio_poster/public/p1596085504.jpg,"
                            导演: 戈尔·维宾斯基 Gore Verbinski   主演: 约翰尼·德普 Johnny Depp / ...",约翰尼·德普的独角戏。
101,穿条纹睡衣的男孩,8.9,https://img3.doubanio.com/view/photo/s_ratio_poster/public/p1473670352.jpg,"
                            导演: 马克·赫门 Mark Herman   主演: 阿沙·巴特菲尔德 Asa Butterfield / ...",尽管有些不切实际的幻想，这部电影依旧是一部感人肺腑的佳作。
102,上帝之城,8.9,https://img3.doubanio.com/view/photo/s_ratio_poster/public/p455677490.jpg,"
                            导演: Kátia Lund / Fernando Meirelles   主演: Alexandre Rodrigues / Lea...",被上帝抛弃了的上帝之城。
103,摩登时代,9.2,https://img3.doubanio.com/view/photo/s_ratio_poster/public/p2173707976.jpg,"
                            导演: 查理·卓别林 Charles Chaplin   主演: 查理·卓别林 Charles Chaplin ...",大时代中的人生，小人物的悲喜。
104,阿凡达,8.6,https://img1.doubanio.com/view/photo/s_ratio_poster/public/p492458287.jpg,"
                            导演: 詹姆斯·卡梅隆 James Cameron   主演: 萨姆·沃辛顿 Sam Worthington ...",绝对意义上的美轮美奂。
105,爱在黎明破晓前,8.7,https://img3.doubanio.com/view/photo/s_ratio_poster/public/p452582315.jpg,"
                            导演: 理查德·林克莱特 Richard Linklater   主演: 伊桑·霍克 Ethan Hawke ...",缘分是个连绵词，最美不过一瞬。
106,消失的爱人,8.7,https://img3.doubanio.com/view/photo/s_ratio_poster/public/p2221768894.jpg,"
                            导演: 大卫·芬奇 David Fincher   主演: 本·阿弗莱克 Ben Affleck / 罗莎蒙...","年度最佳date movie。"
107,风之谷,8.8,https://img3.doubanio.com/view/photo/s_ratio_poster/public/p1917567652.jpg,"
                            导演: 宫崎骏 Hayao Miyazaki   主演: 岛本须美 Sumi Shimamoto / 松田洋治 Y...",动画片的圣经。
108,爱在日落黄昏时,8.7,https://img3.doubanio.com/view/photo/s_ratio_poster/public/p1910924055.jpg,"
                            导演: 理查德·林克莱特 Richard Linklater   主演: 伊桑·霍克 Ethan Hawke ...",九年后的重逢是世俗和责任的交叠，没了悸动和青涩，沧桑而温暖。
109,侧耳倾听,8.8,https://img3.doubanio.com/view/photo/s_ratio_poster/public/p456692072.jpg,"
                            导演: 近藤喜文 Yoshifumi Kondo   主演: 本名阳子 Youko Honna / 小林桂树 K...",少女情怀总是诗。
110,超脱,8.8,https://img3.doubanio.com/view/photo/s_ratio_poster/public/p1305562621.jpg,"
                            导演: 托尼·凯耶 Tony Kaye   主演: 艾德里安·布洛迪 Adrien Brody / 马西...",穷尽一生，我们要学会的，不过是彼此拥抱。
111,红辣椒,8.9,https://img3.doubanio.com/view/photo/s_ratio_poster/public/p672363704.jpg,"
                            导演: 今敏 Satoshi Kon   主演: 林原惠美 Megumi Hayashibara / 古谷彻 T...",梦的勾结。
112,恐怖直播,8.7,https://img3.doubanio.com/view/photo/s_ratio_poster/public/p2016930906.jpg,"
                            导演: 金秉祐 Byeong-woo Kim   主演: 河正宇 Jung-woo Ha / 李璟荣 Kyeong-y...",恐怖分子的“秋菊打官司”。
113,倩女幽魂,8.6,https://img3.doubanio.com/view/photo/s_ratio_poster/public/p2414157745.jpg,"
                            导演: 程小东 Siu-Tung Ching   主演: 张国荣 Leslie Cheung / 王祖贤 Joey W...",两张绝世的脸。
114,"小森林 夏秋篇",8.9,https://img3.doubanio.com/view/photo/s_ratio_poster/public/p2221319641.jpg,"
                            导演: 森淳一 Junichi Mori   主演: 桥本爱 Ai Hashimoto / 三浦贵大 Takahir...",那些静得只能听见呼吸的日子里，你明白孤独即生活。
115,驯龙高手,8.7,https://img1.doubanio.com/view/photo/s_ratio_poster/public/p450042258.jpg,"
                            导演: 迪恩·德布洛斯 Dean DeBlois / 克里斯·桑德斯 Chris Sanders   主演:...",和谐的生活离不开摸头与被摸头。
116,喜剧之王,8.5,https://img3.doubanio.com/view/photo/s_ratio_poster/public/p1043597424.jpg,"
                            导演: 周星驰 Stephen Chow / 李力持 Lik-Chi Lee   主演: 周星驰 Stephen Ch...",我是一个演员。
117,菊次郎的夏天,8.7,https://img3.doubanio.com/view/photo/s_ratio_poster/public/p751835224.jpg,"
                            导演: 北野武 Takeshi Kitano   主演: 北野武 Takeshi Kitano / 关口雄介 Yus...",从没见过那么流氓的温柔，从没见过那么温柔的流氓。
118,幸福终点站,8.7,https://img3.doubanio.com/view/photo/s_ratio_poster/public/p792263736.jpg,"
                            导演: 史蒂文·斯皮尔伯格 Steven Spielberg   主演: 汤姆·汉克斯 Tom Hanks...",有时候幸福需要等一等。
119,萤火虫之墓,8.7,https://img1.doubanio.com/view/photo/s_ratio_poster/public/p2237136718.jpg,"
                            导演: 高畑勋 Isao Takahata   主演: 辰己努 / 白石绫乃 / 志乃原良子",幸福是生生不息，却难以触及的远。
120,借东西的小人阿莉埃蒂,8.7,https://img3.doubanio.com/view/photo/s_ratio_poster/public/p617533616.jpg,"
                            导演: 米林宏昌 Hiromasa Yonebayashi   主演: 志田未来 Mirai Shida / 神木...",曾经的那段美好会沉淀为一辈子的记忆。
121,岁月神偷,8.6,https://img3.doubanio.com/view/photo/s_ratio_poster/public/p456666151.jpg,"
                            导演: 罗启锐 Alex Law   主演: 吴君如 Sandra Ng / 任达华 Simon Yam / 钟绍...",岁月流逝，来日可追。
122,七武士,9.2,https://img3.doubanio.com/view/photo/s_ratio_poster/public/p647099823.jpg,"
                            导演: 黑泽明 Akira Kurosawa   主演: 三船敏郎 Toshirô Mifune / 志村乔 ...",时代悲歌。
123,杀人回忆,8.7,https://img1.doubanio.com/view/photo/s_ratio_poster/public/p480225538.jpg,"
                            导演: 奉俊昊 Joon-ho Bong   主演: 宋康昊 Kang-ho Song / 金相庆 Sang-kyun...",关于连环杀人悬案的集体回忆。
124,神偷奶爸,8.5,https://img1.doubanio.com/view/photo/s_ratio_poster/public/p792776858.jpg,"
                            导演: 皮艾尔·柯芬 Pierre Coffin / 克里斯·雷纳德 Chris Renaud   主演: ...","Mr. I Don't Care其实也有Care的时候。"
125,喜宴,8.8,https://img3.doubanio.com/view/photo/s_ratio_poster/public/p2173713676.jpg,"
                            导演: 李安 Ang Lee   主演: 赵文瑄 Winston Chao / 郎雄 Sihung Lung / 归亚...",中国家庭的喜怒哀乐忍。
126,贫民窟的百万富翁,8.5,https://img3.doubanio.com/view/photo/s_ratio_poster/public/p2434249040.jpg,"
                            导演: 丹尼·鲍尔 Danny Boyle / 洛芙琳·坦丹 Loveleen Tandan   主演: 戴夫...",上帝之城+猜火车+阿甘正传+开心辞典=山寨富翁
127,电锯惊魂,8.7,https://img3.doubanio.com/view/photo/s_ratio_poster/public/p2163771304.jpg,"
                            导演: 詹姆斯·温 James Wan   主演: 雷·沃纳尔 Leigh Whannell / 加利·艾...",真相就在眼前。
128,真爱至上,8.5,https://img3.doubanio.com/view/photo/s_ratio_poster/public/p475600770.jpg,"
                            导演: 理查德·柯蒂斯 Richard Curtis   主演: 休·格兰特 Hugh Grant / 柯林...",爱，是个动词。
129,谍影重重3,8.7,https://img1.doubanio.com/view/photo/s_ratio_poster/public/p792223507.jpg,"
                            导演: 保罗·格林格拉斯 Paul Greengrass   主演: 马特·达蒙 Matt Damon / ...",像吃了苏打饼一样干脆的电影。
130,海洋,9.0,https://img3.doubanio.com/view/photo/s_ratio_poster/public/p497010372.jpg,"
                            导演: 雅克·贝汉 Jacques Perrin / 雅克·克鲁奥德 Jacques Cluzaud   主演:...",大海啊，不全是水。
131,东邪西毒,8.6,https://img3.doubanio.com/view/photo/s_ratio_poster/public/p1982176012.jpg,"
                            导演: 王家卫 Kar Wai Wong   主演: 张国荣 Leslie Cheung / 张曼玉 Maggie C...",电影诗。
132,记忆碎片,8.5,https://img3.doubanio.com/view/photo/s_ratio_poster/public/p641688453.jpg,"
                            导演: 克里斯托弗·诺兰 Christopher Nolan   主演: 盖·皮尔斯 Guy Pearce /...",一个针管引发的血案。
133,怪兽电力公司,8.6,https://img1.doubanio.com/view/photo/s_ratio_poster/public/p2513247938.jpg,"
                            导演: 彼特·道格特 Pete Docter / 大卫·斯沃曼 David Silverman   主演: 约...",不要给它起名字，起了名字就有感情了。
134,雨人,8.6,https://img3.doubanio.com/view/photo/s_ratio_poster/public/p942376281.jpg,"
                            导演: 巴瑞·莱文森 Barry Levinson   主演: 达斯汀·霍夫曼 Dustin Hoffman ...",生活在自己的世界里，也可以让周围的人显得可笑和渺小。
135,黑天鹅,8.5,https://img3.doubanio.com/view/photo/s_ratio_poster/public/p719282906.jpg,"
                            导演: 达伦·阿罗诺夫斯基 Darren Aronofsky   主演: 娜塔莉·波特曼 Natalie...",黑暗之美。
136,疯狂原始人,8.7,https://img1.doubanio.com/view/photo/s_ratio_poster/public/p1867084027.jpg,"
                            导演: 科克·德·米科 Kirk De Micco / 克里斯·桑德斯 Chris Sanders   主演...",老少皆宜，这就是好莱坞动画的魅力。
137,卢旺达饭店,8.9,https://img3.doubanio.com/view/photo/s_ratio_poster/public/p2159368352.jpg,"
                            导演: 特瑞·乔治 Terry George   主演: 唐·钱德尔 Don Cheadle / 苏菲·奥...",当这个世界闭上双眼，他却敞开了怀抱。
138,燃情岁月,8.7,https://img1.doubanio.com/view/photo/s_ratio_poster/public/p1023654037.jpg,"
                            导演: 爱德华·兹威克 Edward Zwick   主演: 安东尼·霍普金斯 Anthony Hopki...",传奇，不是每个人都可以拥有。
139,英雄本色,8.6,https://img1.doubanio.com/view/photo/s_ratio_poster/public/p2504997087.jpg,"
                            导演: 吴宇森 John Woo   主演: 周润发 Yun-Fat Chow / 狄龙 Lung Ti / 张国...",英雄泪短，兄弟情长。
140,虎口脱险,8.9,https://img3.doubanio.com/view/photo/s_ratio_poster/public/p2399597512.jpg,"
                            导演: 杰拉尔·乌里 Gérard Oury   主演: 路易·德·菲耐斯 Louis de Funès...",永远看不腻的喜剧。
141,"小森林 冬春篇",8.9,https://img1.doubanio.com/view/photo/s_ratio_poster/public/p2215147728.jpg,"
                            导演: 森淳一 Junichi Mori   主演: 桥本爱 Ai Hashimoto / 三浦贵大 Takahir...",尊敬他人，尊敬你生活的这片土地，明白孤独是人生的常态。
142,7号房的礼物,8.7,https://img3.doubanio.com/view/photo/s_ratio_poster/public/p1816276065.jpg,"
                            导演: 李焕庆 Hwan-kyeong Lee   主演: 柳承龙 Seung-yong Ryoo / 朴信惠 Shi...",《我是山姆》的《美丽人生》。
143,哈利·波特与死亡圣器(下),8.7,https://img3.doubanio.com/view/photo/s_ratio_poster/public/p917846733.jpg,"
                            导演: 大卫·叶茨 David Yates   主演: 丹尼尔·雷德克里夫 Daniel Radcliffe...",10年的完美句点。
144,傲慢与偏见,8.5,https://img3.doubanio.com/view/photo/s_ratio_poster/public/p452005185.jpg,"
                            导演: 乔·怀特 Joe Wright   主演: 凯拉·奈特莉 Keira Knightley / 马修·...",爱是摈弃傲慢与偏见之后的曙光。
145,荒蛮故事,8.8,https://img3.doubanio.com/view/photo/s_ratio_poster/public/p2192834364.jpg,"
                            导演: 达米安·斯兹弗隆 Damián Szifron   主演: 达里奥·葛兰帝内提 Darío...",始于荒诞，止于更荒诞。
146,心迷宫,8.6,https://img3.doubanio.com/view/photo/s_ratio_poster/public/p2275298525.jpg,"
                            导演: 忻钰坤 Yukun Xin   主演: 霍卫民 Weimin Huo / 王笑天 Xiaotian Wang ...",荒诞讽刺，千奇百巧，抽丝剥茧，百转千回。
147,萤火之森,8.7,https://img1.doubanio.com/view/photo/s_ratio_poster/public/p1272904657.jpg,"
                            导演: 大森贵弘 Takahiro Omori   主演: 佐仓绫音 Ayane Sakura / 内山昂辉 K...",触不到的恋人。
148,恋恋笔记本,8.5,https://img3.doubanio.com/view/photo/s_ratio_poster/public/p483604864.jpg,"
                            导演: 尼克·卡索维茨 Nick Cassavetes   主演: 瑞恩·高斯林 Ryan Gosling /...",爱情没有那么多借口，如果不能圆满，只能说明爱的不够。
149,完美的世界,9.0,https://img3.doubanio.com/view/photo/s_ratio_poster/public/p792403691.jpg,"
                            导演: 克林特·伊斯特伍德 Clint Eastwood   主演: 凯文·科斯特纳 Kevin Cos...",坏人的好总是比好人的好来得更感人。
150,教父3,8.8,https://img3.doubanio.com/view/photo/s_ratio_poster/public/p2169664351.jpg,"
                            导演: 弗朗西斯·福特·科波拉 Francis Ford Coppola   主演: 阿尔·帕西诺 A...",任何信念的力量，都无法改变命运。
151,纵横四海,8.7,https://img3.doubanio.com/view/photo/s_ratio_poster/public/p2272146906.jpg,"
                            导演: 吴宇森 John Woo   主演: 周润发 Yun-Fat Chow / 张国荣 Leslie Cheung...",香港浪漫主义警匪动作片的巅峰之作。
152,海边的曼彻斯特,8.6,https://img1.doubanio.com/view/photo/s_ratio_poster/public/p2496940327.jpg,"
                            导演: 肯尼斯·罗纳根 Kenneth Lonergan   主演: 卡西·阿弗莱克 Casey Affle...",我们都有权利不与自己的过去和解。
153,花样年华,8.5,https://img3.doubanio.com/view/photo/s_ratio_poster/public/p1910828286.jpg,"
                            导演: 王家卫 Kar Wai Wong   主演: 梁朝伟 Tony Leung Chiu Wai / 张曼玉 Ma...",偷情本没有这样美。
154,玩具总动员3,8.8,https://img1.doubanio.com/view/photo/s_ratio_poster/public/p1283675359.jpg,"
                            导演: 李·昂克里奇 Lee Unkrich   主演: 汤姆·汉克斯 Tom Hanks / 蒂姆·艾...",跨度十五年的欢乐与泪水。
155,猜火车,8.5,https://img1.doubanio.com/view/photo/s_ratio_poster/public/p513567548.jpg,"
                            导演: 丹尼·博伊尔 Danny Boyle   主演: 伊万·麦克格雷格 Ewan McGregor / ...",不可猜的青春迷笛。
156,魂断蓝桥,8.8,https://img1.doubanio.com/view/photo/s_ratio_poster/public/p2351134499.jpg,"
                            导演: Mervyn LeRoy   主演: Vivien Leigh / Robert Taylor / Lucile Watson",中国式内在的美国电影。
157,穿越时空的少女,8.6,https://img3.doubanio.com/view/photo/s_ratio_poster/public/p2079334286.jpg,"
                            导演: 细田守 Mamoru Hosoda   主演: 仲里依纱 Riisa Naka / 石田卓也 Takuya...",爱上未来的你。
158,雨中曲,9.0,https://img3.doubanio.com/view/photo/s_ratio_poster/public/p1612355875.jpg,"
                            导演: Stanley Donen / Gene Kelly   主演: Gene Kelly / Donald O'Connor / ...",骨灰级歌舞片。
159,唐伯虎点秋香,8.4,https://img3.doubanio.com/view/photo/s_ratio_poster/public/p1946455272.jpg,"
                            导演: 李力持 Lik-Chi Lee   主演: 周星驰 Stephen Chow / 巩俐 Li Gong / 陈...",华太师是黄霑，吴镇宇四大才子之一。
160,时空恋旅人,8.6,https://img3.doubanio.com/view/photo/s_ratio_poster/public/p2070153774.jpg,"
                            导演: 理查德·柯蒂斯 Richard Curtis   主演: 多姆纳尔·格利森 Domhnall Gl...",把每天当作最后一天般珍惜度过，积极拥抱生活，就是幸福。
161,超能陆战队,8.6,https://img1.doubanio.com/view/photo/s_ratio_poster/public/p2224568669.jpg,"
                            导演: 唐·霍尔 Don Hall / 克里斯·威廉姆斯 Chris Williams   主演: 斯科特...",Balalala~~~
162,请以你的名字呼唤我,8.8,https://img3.doubanio.com/view/photo/s_ratio_poster/public/p2505525050.jpg,"
                            导演: 卢卡·圭达尼诺 Luca Guadagnino   主演: 蒂莫西·柴勒梅德 Timothée ...",沉醉在电影的情感和视听氛围中无法自拔。
163,蝙蝠侠：黑暗骑士崛起,8.6,https://img3.doubanio.com/view/photo/s_ratio_poster/public/p1706428744.jpg,"
                            导演: 克里斯托弗·诺兰 Christopher Nolan   主演: 克里斯蒂安·贝尔 Christ...",诺兰就是保证。
164,二十二,8.7,https://img1.doubanio.com/view/photo/s_ratio_poster/public/p2457609817.jpg,"
                            导演: 郭柯 Ke Guo   主演:",有一些东西不应该被遗忘。
165,我是山姆,8.8,https://img3.doubanio.com/view/photo/s_ratio_poster/public/p652417775.jpg,"
                            导演: 杰茜·尼尔森 Jessie Nelson   主演: Sean Penn / Dakota Fanning / Mi...","爱并不需要智商 。"
166,人工智能,8.6,https://img1.doubanio.com/view/photo/s_ratio_poster/public/p792257137.jpg,"
                            导演: 史蒂文·斯皮尔伯格 Steven Spielberg   主演: 海利·乔·奥斯蒙 Haley...",对爱的执着，可以超越一切。
167,冰川时代,8.4,https://img1.doubanio.com/view/photo/s_ratio_poster/public/p1910895719.jpg,"
                            导演: 卡洛斯·沙尔丹哈 Carlos Saldanha / 克里斯·韦奇 Chris Wedge   主演...",松鼠才是角儿。
168,浪潮,8.7,https://img3.doubanio.com/view/photo/s_ratio_poster/public/p1344888983.jpg,"
                            导演: 丹尼斯·甘塞尔 Dennis Gansel   主演: 尤尔根·沃格尔 Jürgen Vogel ...",世界离独裁只有五天。
169,朗读者,8.5,https://img1.doubanio.com/view/photo/s_ratio_poster/public/p1140984198.jpg,"
                            导演: 史蒂芬·戴德利 Stephen Daldry   主演: 凯特·温丝莱特 Kate Winslet ...",当爱情跨越年龄的界限，它似乎能变得更久远一点，成为一种责任，一种水到渠成的相濡以沫。
170,香水,8.4,https://img1.doubanio.com/view/photo/s_ratio_poster/public/p470006658.jpg,"
                            导演: 汤姆·提克威 Tom Tykwer   主演: 本·卫肖 Ben Whishaw / 艾伦·瑞克...",一个单凭体香达到高潮的男人。
171,爆裂鼓手,8.6,https://img3.doubanio.com/view/photo/s_ratio_poster/public/p2220776342.jpg,"
                            导演: 达米安·沙泽勒 Damien Chazelle   主演: 迈尔斯·特勒 Miles Teller /...",这个世界从不善待努力的人，努力了也不一定会成功，但是知道自己在努力，就是活下去的动力。
172,罗生门,8.7,https://img1.doubanio.com/view/photo/s_ratio_poster/public/p1864872647.jpg,"
                            导演: 黑泽明 Akira Kurosawa   主演: 三船敏郎 Toshirô Mifune / 千秋实 ...",人生的N种可能性。
173,未麻的部屋,8.8,https://img3.doubanio.com/view/photo/s_ratio_poster/public/p1351050722.jpg,"
                            导演: 今敏 Satoshi Kon   主演: 岩男润子 Junko Iwao / 松本梨香 Rica Matsu...",好的剧本是，就算你猜到了结局也猜不到全部。
174,一次别离,8.7,https://img3.doubanio.com/view/photo/s_ratio_poster/public/p2189835254.jpg,"
                            导演: 阿斯哈·法哈蒂  Asghar Farhadi   主演: 佩曼·莫阿迪 Peyman Moadi /...",只有有信仰的人才能说出事实真相。
175,追随,8.9,https://img1.doubanio.com/view/photo/s_ratio_poster/public/p1150103377.jpg,"
                            导演: 克里斯托弗·诺兰 Christopher Nolan   主演: 杰里米·西奥伯德 Jeremy...",诺兰的牛逼来源于内心散发出的恐惧。
176,可可西里,8.7,https://img3.doubanio.com/view/photo/s_ratio_poster/public/p2363208684.jpg,"
                            导演: 陆川 Chuan Lu   主演: 多布杰 Duobujie / 张磊 Lei Zhang / 亓亮 Qi L...",坚硬的信仰。
177,撞车,8.6,https://img3.doubanio.com/view/photo/s_ratio_poster/public/p2075132390.jpg,"
                            导演: 保罗·哈吉斯 Paul Haggis   主演: 桑德拉·布洛克 Sandra Bullock / ...",天使与魔鬼的冲撞。
178,恐怖游轮,8.3,https://img3.doubanio.com/view/photo/s_ratio_poster/public/p462470694.jpg,"
                            导演: 克里斯托弗·史密斯 Christopher Smith   主演: 梅利莎·乔治 Melissa ...",不要企图在重复中寻找已经失去的爱。
179,战争之王,8.6,https://img3.doubanio.com/view/photo/s_ratio_poster/public/p453719066.jpg,"
                            导演: 安德鲁·尼科尔 Andrew Niccol   主演: 尼古拉斯·凯奇 Nicolas Cage /...",做一颗让别人需要你的棋子。
180,被解救的姜戈,8.6,https://img1.doubanio.com/view/photo/s_ratio_poster/public/p1959232369.jpg,"
                            导演: 昆汀·塔伦蒂诺 Quentin Tarantino   主演: 杰米·福克斯 Jamie Foxx /...",热血沸腾，那个低俗、性感的无耻混蛋又来了。
181,达拉斯买家俱乐部,8.7,https://img1.doubanio.com/view/photo/s_ratio_poster/public/p2166160837.jpg,"
                            导演: 让-马克·瓦雷 Jean-Marc Vallée   主演: 马修·麦康纳 Matthew McCon...","Jared Leto的腿比女人还美！"
182,血战钢锯岭,8.7,https://img1.doubanio.com/view/photo/s_ratio_poster/public/p2398141939.jpg,"
                            导演: 梅尔·吉布森 Mel Gibson   主演: 安德鲁·加菲尔德 Andrew Garfield /...",优秀的战争片不会美化战场，不会粉饰死亡，不会矮化敌人，不会无视常识，最重要的，不会宣扬战争。
183,地球上的星星,8.8,https://img3.doubanio.com/view/photo/s_ratio_poster/public/p1973489335.jpg,"
                            导演: 阿米尔·汗 Aamir Khan   主演: 达席尔·萨法瑞 Darsheel Safary / 阿...",天使保护事件始末。
184,阿飞正传,8.5,https://img3.doubanio.com/view/photo/s_ratio_poster/public/p2525770523.jpg,"
                            导演: 王家卫 Kar Wai Wong   主演: 张国荣 Leslie Cheung / 张曼玉 Maggie C...",王家卫是一种风格，张国荣是一个代表。
185,梦之安魂曲,8.7,https://img3.doubanio.com/view/photo/s_ratio_poster/public/p884936202.jpg,"
                            导演: 达伦·阿伦诺夫斯基 Darren Aronofsky   主演: 艾伦·伯斯汀 Ellen Bur...",一场没有春天的噩梦。
186,牯岭街少年杀人事件,8.7,https://img3.doubanio.com/view/photo/s_ratio_poster/public/p848381236.jpg,"
                            导演: 杨德昌 Edward Yang   主演: 张震 Chen Chang / 杨静怡 Lisa Yang / 张...",弱者送给弱者的一刀。
187,房间,8.8,https://img3.doubanio.com/view/photo/s_ratio_poster/public/p2259715855.jpg,"
                            导演: 伦尼·阿伯拉罕森 Lenny Abrahamson   主演: 布丽·拉尔森 Brie Larson...",被偷走的岁月，被伤害的生命，被禁锢的灵魂，终将被希望和善意救赎。
188,头脑特工队,8.7,https://img3.doubanio.com/view/photo/s_ratio_poster/public/p2266293606.jpg,"
                            导演: 彼特·道格特 Pete Docter / 罗纳尔多·德尔·卡门 Ronaldo Del Carmen  &nb...",愿我们都不用长大，每一座城堡都能永远存在。
189,魔女宅急便,8.5,https://img3.doubanio.com/view/photo/s_ratio_poster/public/p456676352.jpg,"
                            导演: 宫崎骏 Hayao Miyazaki   主演: 高山南 Minami Takayama / 佐久间玲 Re...",宫崎骏的电影总让人感觉世界是美好的，阳光明媚的。
190,谍影重重,8.5,https://img3.doubanio.com/view/photo/s_ratio_poster/public/p1597183981.jpg,"
                            导演: 道格·里曼 Doug Liman   主演: 马特·达蒙 Matt Damon / 弗兰卡·波坦...",哗啦啦啦啦，天在下雨，哗啦啦啦啦，云在哭泣……找自己。
191,谍影重重2,8.6,https://img3.doubanio.com/view/photo/s_ratio_poster/public/p667644866.jpg,"
                            导演: 保罗·格林格拉斯 Paul Greengrass   主演: 马特·达蒙 Matt Damon / ...",谁说王家卫镜头很晃？
192,惊魂记,8.9,https://img3.doubanio.com/view/photo/s_ratio_poster/public/p1021883305.jpg,"
                            导演: Alfred Hitchcock   主演: Janet Leigh / Anthony Perkins / Vera Miles",故事的反转与反转，分裂电影的始祖。
193,忠犬八公物语,9.0,https://img3.doubanio.com/view/photo/s_ratio_poster/public/p2297934945.jpg,"
                            导演: Seijirô Kôyama   主演: 山本圭 Kei Yamamoto / 井川比佐志 Hisa...",养狗三日，便会对你终其一生。
194,青蛇,8.4,https://img3.doubanio.com/view/photo/s_ratio_poster/public/p584021784.jpg,"
                            导演: 徐克 Hark Tsui   主演: 张曼玉 Maggie Cheung / 王祖贤 Joey Wang / ...",人生如此，浮生如斯。谁人言，花彼岸，此生情长意短。谁都是不懂爱的罢了。
195,再次出发之纽约遇见你,8.5,https://img3.doubanio.com/view/photo/s_ratio_poster/public/p2250287733.jpg,"
                            导演: 约翰·卡尼 John Carney   主演: 凯拉·奈特莉 Keira Knightley / 马克...",爱我就给我看你的播放列表。
196,模仿游戏,8.6,https://img3.doubanio.com/view/photo/s_ratio_poster/public/p2255040492.jpg,"
                            导演: 莫腾·泰杜姆 Morten Tyldum   主演: 本尼迪克特·康伯巴奇 Benedict C...",他给机器起名“克里斯托弗”，因为这是他初恋的名字。
198,东京物语,9.2,https://img3.doubanio.com/view/photo/s_ratio_poster/public/p1910832390.jpg,"
                            导演: 小津安二郎 Yasujirô Ozu   主演: 笠智众 Chishû Ryû / 原节...",东京那么大，如果有一天走失了，恐怕一辈子不能再相见。
199,哪吒闹海,8.9,https://img3.doubanio.com/view/photo/s_ratio_poster/public/p2516566783.jpg,"
                            导演: 严定宪 Dingxian Yan / 王树忱 Shuchen Wang   主演: 梁正晖 Zhenghui ...",想你时你在闹海。
200,碧海蓝天,8.7,https://img3.doubanio.com/view/photo/s_ratio_poster/public/p455722535.jpg,"
                            导演: Luc Besson   主演: 让-马克·巴尔 Jean-Marc Barr / 让·雷诺 Jean Re...",在那片深蓝中，感受来自大海的忧伤寂寞与美丽自由。
201,无人知晓,9.0,https://img3.doubanio.com/view/photo/s_ratio_poster/public/p661160053.jpg,"
                            导演: 是枝裕和 Hirokazu Koreeda   主演: 柳乐优弥 Yûya Yagira / 北浦爱...",我的平常生活就是他人的幸福。
202,一个叫欧维的男人决定去死,8.7,https://img3.doubanio.com/view/photo/s_ratio_poster/public/p2406624993.jpg,"
                            导演: 汉内斯·赫尔姆 Hannes Holm   主演: 罗夫·拉斯加德 Rolf Lassgård...",惠及一生的美丽。
203,你的名字。,8.4,https://img1.doubanio.com/view/photo/s_ratio_poster/public/p2395733377.jpg,"
                            导演: 新海诚 Makoto Shinkai   主演: 神木隆之介 Ryûnosuke Kamiki / 上...",穿越错位的时空，仰望陨落的星辰，你没留下你的名字，我却无法忘记那句“我爱你”。
205,末路狂花,8.7,https://img3.doubanio.com/view/photo/s_ratio_poster/public/p794583044.jpg,"
                            导演: 雷德利·斯科特 Ridley Scott   主演: 吉娜·戴维斯 Geena Davis / 苏...",没有了退路，只好飞向自由。
206,源代码,8.3,https://img3.doubanio.com/view/photo/s_ratio_poster/public/p988260245.jpg,"
                            导演: 邓肯·琼斯 Duncan Jones   主演: 杰克·吉伦哈尔 Jake Gyllenhaal / ...",邓肯·琼斯继《月球》之后再度奉献出一部精彩绝伦的科幻佳作。
207,秒速5厘米,8.3,https://img3.doubanio.com/view/photo/s_ratio_poster/public/p982896012.jpg,"
                            导演: 新海诚 Makoto Shinkai   主演: 水桥研二 Kenji Mizuhashi / 近藤好美 ...",青春就是放弃和怀念。
208,终结者2：审判日,8.6,https://img3.doubanio.com/view/photo/s_ratio_poster/public/p1910909085.jpg,"
                            导演: 詹姆斯·卡梅隆 James Cameron   主演: 阿诺·施瓦辛格 Arnold Schwarz...",少见的超越首部的续集，动作片中的经典。
209,黑客帝国3：矩阵革命,8.5,https://img1.doubanio.com/view/photo/s_ratio_poster/public/p443461818.jpg,"
                            导演: Andy Wachowski / Larry Wachowski   主演: Keanu Reeves / Laurence F...",不得不说，《黑客帝国》系列是商业片与科幻、哲学完美结合的典范。
210,新龙门客栈,8.5,https://img1.doubanio.com/view/photo/s_ratio_poster/public/p1421018669.jpg,"
                            导演: 李惠民 Raymond Lee   主演: 张曼玉 Maggie Cheung / 林青霞 Brigitte ...",嬉笑怒骂，调风动月。
211,绿里奇迹,8.7,https://img3.doubanio.com/view/photo/s_ratio_poster/public/p767586451.jpg,"
                            导演: Frank Darabont   主演: 汤姆·汉克斯 Tom Hanks / 大卫·摩斯 David M...",天使暂时离开。
212,海盗电台,8.6,https://img3.doubanio.com/view/photo/s_ratio_poster/public/p769608791.jpg,"
                            导演: 理查德·柯蒂斯 Richard Curtis   主演: 比尔·奈伊 Bill Nighy / 肯尼...",生命不止，摇滚不死。
213,这个男人来自地球,8.5,https://img3.doubanio.com/view/photo/s_ratio_poster/public/p513303986.jpg,"
                            导演: 理查德·沙因克曼 Richard Schenkman   主演: 大卫·李·史密斯 David ...",科幻真正的魅力不是视觉效果能取代的。
214,勇闯夺命岛,8.5,https://img3.doubanio.com/view/photo/s_ratio_poster/public/p636048104.jpg,"
                            导演: 迈克尔·贝 Michael Bay   主演: 肖恩·康纳利 Sean Connery / 尼古拉...",类型片的极致。
215,城市之光,9.2,https://img3.doubanio.com/view/photo/s_ratio_poster/public/p2099815842.jpg,"
                            导演: Charles Chaplin   主演: 查理·卓别林 Charles Chaplin / 弗吉尼亚·...",永远的小人物，伟大的卓别林。
216,卡萨布兰卡,8.6,https://img3.doubanio.com/view/photo/s_ratio_poster/public/p1244791866.jpg,"
                            导演: Michael Curtiz   主演: 亨弗莱·鲍嘉 Humphrey Bogart / 英格丽·褒曼...",世界上有那么多女人那么多酒馆，但她偏偏走进我的这家。
217,无耻混蛋,8.4,https://img3.doubanio.com/view/photo/s_ratio_poster/public/p770734475.jpg,"
                            导演: Quentin Tarantino   主演: 布拉德·皮特 Brad Pitt / 梅拉尼·罗兰 M...",昆汀同学越来越变态了，比北野武还杜琪峰。
218,初恋这件小事,8.3,https://img3.doubanio.com/view/photo/s_ratio_poster/public/p1505312273.jpg,"
                            导演: 普特鹏·普罗萨卡·那·萨克那卡林 Puttipong Promsaka Na Sakolnakorn / 华森·波克彭...",黑小鸭速效美白记。
219,变脸,8.4,https://img3.doubanio.com/view/photo/s_ratio_poster/public/p2173855883.jpg,"
                            导演: 吴宇森 John Woo   主演: 约翰·特拉沃尔塔 John Travolta / 尼古拉斯...",当发哥的风衣、墨镜出现在了凯奇身上⋯⋯
220,发条橙,8.4,https://img3.doubanio.com/view/photo/s_ratio_poster/public/p529908155.jpg,"
                            导演: Stanley Kubrick   主演: Malcolm McDowell / Patrick Magee / Michael...",我完全康复了。
221,"E.T. 外星人",8.5,https://img3.doubanio.com/view/photo/s_ratio_poster/public/p984732992.jpg,"
                            导演: Steven Spielberg   主演: Henry Thomas / Dee Wallace / Robert MacNa...",生病的E.T.皮肤的颜色就像柿子饼。
222,黄金三镖客,9.1,https://img1.doubanio.com/view/photo/s_ratio_poster/public/p2101693489.jpg,"
                            导演: Sergio Leone   主演: Clint Eastwood / Eli Wallach / Lee Van Cleef",最棒的西部片。
223,爱在午夜降临前,8.8,https://img1.doubanio.com/view/photo/s_ratio_poster/public/p2074715729.jpg,"
                            导演: 理查德·林克莱特 Richard Linklater   主演: 伊桑·霍克 Ethan Hawke ...",所谓爱情，就是话唠一路，都不会心生腻烦，彼此嫌弃。
224,美国丽人,8.4,https://img3.doubanio.com/view/photo/s_ratio_poster/public/p571671715.jpg,"
                            导演: 萨姆·门德斯 Sam Mendes   主演: 凯文·史派西 Kevin Spacey / 安妮特...",每个人的内心都是深不可测的大海。
225,荒野生存,8.6,https://img1.doubanio.com/view/photo/s_ratio_poster/public/p465687407.jpg,"
                            导演: 西恩·潘 Sean Penn   主演: 埃米尔·赫斯基 Emile Hirsch / 马西娅·...",出门必备：本草纲目。
226,迁徙的鸟,9.1,https://img1.doubanio.com/view/photo/s_ratio_poster/public/p2238274168.jpg,"
                            导演: 雅克·贝汉 Jacques Perrin / 雅克·克鲁奥德 Jacques Cluzaud   主演:...",最美的飞翔。
227,无敌破坏王,8.6,https://img3.doubanio.com/view/photo/s_ratio_poster/public/p1735642656.jpg,"
                            导演: 瑞奇·莫尔 Rich Moore   主演: 约翰·C·赖利 John C. Reilly / 萨拉...",迪士尼和皮克斯拿错剧本的产物。
228,英国病人,8.4,https://img3.doubanio.com/view/photo/s_ratio_poster/public/p2408623752.jpg,"
                            导演: 安东尼·明格拉 Anthony Minghella   主演: 拉尔夫·费因斯 Ralph Fien...","In memory, love lives forever..."
229,步履不停,8.8,https://img1.doubanio.com/view/photo/s_ratio_poster/public/p672446737.jpg,"
                            导演: 是枝裕和 Hirokazu Koreeda   主演: 阿部宽 Hiroshi Abe / 夏川结衣 Yu...",日本的家庭电影已经是世界巅峰了，步履不停是巅峰中的佳作。
230,疯狂的石头,8.3,https://img3.doubanio.com/view/photo/s_ratio_poster/public/p712241453.jpg,"
                            导演: 宁浩 Hao Ning   主演: 郭涛 Tao Guo / 刘桦 Hua Liu / 连晋 Teddy Lin",中国版《两杆大烟枪》。
231,燕尾蝶,8.6,https://img3.doubanio.com/view/photo/s_ratio_poster/public/p532195562.jpg,"
                            导演: 岩井俊二 Shunji Iwai   主演: 恰拉 Chara / 伊藤步 Ayumi Ito / 三上...",现实与童话交相辉映的旅程。
232,非常嫌疑犯,8.6,https://img3.doubanio.com/view/photo/s_ratio_poster/public/p470383576.jpg,"
                            导演: 布莱恩·辛格 Bryan Singer   主演: 史蒂芬·鲍德温 Stephen Baldwin /...",我不信仰上帝，但我敬畏上帝。
233,勇士,8.9,https://img3.doubanio.com/view/photo/s_ratio_poster/public/p1145536386.jpg,"
                            导演: 加文·欧康诺 Gavin O'Connor   主演: 汤姆·哈迪 Tom Hardy / 乔尔·...",热血沸腾，相当完美的娱乐拳击大餐。
234,彗星来的那一夜,8.4,https://img3.doubanio.com/view/photo/s_ratio_poster/public/p2187896711.jpg,"
                            导演: 詹姆斯·沃德·布柯特 James Ward Byrkit   主演: 艾米丽·芭尔多尼 Em...",小成本大魅力。
235,国王的演讲,8.3,https://img1.doubanio.com/view/photo/s_ratio_poster/public/p768879237.jpg,"
                            导演: 汤姆·霍珀 Tom Hooper   主演: 柯林·菲尔斯 Colin Firth / 杰弗里·...",皇上无话儿。
236,叫我第一名,8.6,https://img1.doubanio.com/view/photo/s_ratio_poster/public/p628364149.jpg,"
                            导演: 彼得·维纳 Peter Werner   主演: 詹姆斯·沃克 James Wolk / 特里特·...",乐观比一切都有力量。
237,血钻,8.5,https://img3.doubanio.com/view/photo/s_ratio_poster/public/p1244017073.jpg,"
                            导演: 爱德华·兹威克 Edward Zwick   主演: 莱昂纳多·迪卡普里奥 Leonardo ...",每个美丽事物背后都是滴血的现实。
238,穆赫兰道,8.3,https://img3.doubanio.com/view/photo/s_ratio_poster/public/p792248233.jpg,"
                            导演: 大卫·林奇 David Lynch   主演: 娜奥米·沃茨 Naomi Watts / 劳拉·哈...",大卫·林奇的梦境迷宫。
241,上帝也疯狂,8.6,https://img1.doubanio.com/view/photo/s_ratio_poster/public/p2173719647.jpg,"
                            导演: Jamie Uys   主演: Marius Weyers / Sandra Prinsloo / N!xau",纯净原始的笑与感动。
242,枪火,8.6,https://img3.doubanio.com/view/photo/s_ratio_poster/public/p1538646661.jpg,"
                            导演: 杜琪峰 Johnnie To   主演: 吴镇宇 Francis Ng / 任达华 Simon Yam / ...",一群演技精湛的戏骨，奉献出一个精致的黑帮小品，成就杜琪峰群戏的巅峰之作。
243,我爱你,9.0,https://img1.doubanio.com/view/photo/s_ratio_poster/public/p1075591188.jpg,"
                            导演: 秋昌民 Chang-min Choo   主演: 宋在河 Jae-ho Song / 李顺载 Soon-jae...",你要相信，这世上真的有爱存在，不管在什么年纪
244,遗愿清单,8.5,https://img3.doubanio.com/view/photo/s_ratio_poster/public/p708613284.jpg,"
                            导演: 罗伯·莱纳 Rob Reiner   主演: 杰克·尼科尔森 Jack Nicholson / 摩根...",用剩余不多的时间，去燃烧整个生命。
245,大卫·戈尔的一生,8.6,https://img1.doubanio.com/view/photo/s_ratio_poster/public/p2186861098.jpg,"
                            导演: Alan Parker   主演: 凯文·史派西 Kevin Spacey / 凯特·温丝莱特 Kat...",捍卫人权只是信仰，一点不妨碍其行为的残忍。
246,黑鹰坠落,8.5,https://img3.doubanio.com/view/photo/s_ratio_poster/public/p1910900710.jpg,"
                            导演: 雷德利·斯科特 Ridley Scott   主演: 乔什·哈奈特 Josh Hartnett / ...",还原真实而残酷的战争。
247,荒岛余生,8.5,https://img1.doubanio.com/view/photo/s_ratio_poster/public/p2207673537.jpg,"
                            导演: 罗伯特·泽米吉斯 Robert Zemeckis   主演: 汤姆·汉克斯 Tom Hanks / ...",一个人的独角戏。
248,蓝色大门,8.3,https://img3.doubanio.com/view/photo/s_ratio_poster/public/p584822570.jpg,"
                            导演: 易智言 Chih-yen Yee   主演: 陈柏霖 Bo-lin Chen / 桂纶镁 Lunmei Kwa...",青春的窃窃私语。
249,千钧一发,8.7,https://img3.doubanio.com/view/photo/s_ratio_poster/public/p2195672555.jpg,"
                            导演: 安德鲁·尼科尔 Andrew Niccol   主演: 伊桑·霍克 Ethan Hawke / 乌玛...",一部能引人思考的科幻励志片。
250,爱·回家,9.0,https://img3.doubanio.com/view/photo/s_ratio_poster/public/p2107418134.jpg,"
                            导演: 李廷香 Jeong-hyang Lee   主演: 金艺芬 Eul-boon Kim / 俞承豪 Seung-...",献给所有外婆的电影。
